Sales Invoice ,Date,Segment ID,Location  ID,Sales Channel ID,Product Key,Price,Cost of sales ,Quantity sold 
DTML-0001,4/15/2023,S1,LC5,CH1,PD12,1618.5,96,13
DTML-0002,2/23/2023,S1,LC3,CH2,PD2,1321,65,9
DTML-0004,6/23/2023,S2,LC6,CH3,PD1,2178,105,8
DTML-0005,12/7/2023,S2,LC11,CH3,PD3,888,125,8
DTML-0007,4/17/2023,S2,LC10,CH3,PD2,2470,152,13
DTML-0008,2/24/2023,S1,LC4,CH2,PD4,1513,132,12
DTML-0010,8/26/2023,S2,LC2,CH3,PD10,921,120,9
DTML-0011,4/26/2023,S3,LC5,CH2,PD9,2518,138,14
DTML-0012,12/15/2023,S1,LC5,CH1,PD4,1899,135,6
DTML-0013,3/13/2023,S3,LC10,CH1,PD11,1545,113,10
DTML-0014,8/31/2023,S2,LC9,CH3,PD7,2470,76,10
DTML-0015,9/20/2023,S4,LC8,CH2,PD6,2665.5,144,15
DTML-0016,5/5/2023,S5,LC4,CH3,PD3,958,99,5
DTML-0018,1/17/2023,S1,LC10,CH2,PD6,2146,105,8
DTML-0019,11/12/2023,S4,LC11,CH3,PD10,345,114,13
DTML-0020,4/25/2023,S2,LC3,CH2,PD10,615,88,3
DTML-0021,3/27/2023,S1,LC1,CH2,PD10,292,160,10
DTML-0022,9/23/2023,S2,LC10,CH2,PD8,974,126,7
DTML-0023,1/3/2023,S3,LC6,CH2,PD2,2518,137,13
DTML-0024,8/5/2023,S1,LC3,CH2,PD12,1006,70,3
DTML-0026,7/11/2023,S3,LC2,CH2,PD12,367,122,13
DTML-0027,9/19/2023,S1,LC8,CH1,PD11,883,61,3
DTML-0028,2/18/2023,S2,LC11,CH1,PD1,549,126,12
DTML-0030,7/17/2023,S5,LC2,CH1,PD6,788,86,7
DTML-0031,4/11/2023,S2,LC3,CH1,PD4,2472,134,9
DTML-0032,9/15/2023,S1,LC1,CH1,PD10,1143,150,8
DTML-0033,4/30/2023,S1,LC6,CH2,PD11,1725,107,14
DTML-0035,12/3/2023,S3,LC2,CH2,PD7,912,94,10
DTML-0036,1/3/2023,S2,LC11,CH2,PD9,2152,148,6
DTML-0038,1/6/2023,S1,LC8,CH2,PD11,1817,118,9
DTML-0039,6/26/2023,S1,LC6,CH2,PD2,1513,66,13
DTML-0040,2/25/2023,S1,LC5,CH1,PD9,1493,124,6
DTML-0041,11/6/2023,S4,LC9,CH3,PD1,1804,160,9
DTML-0042,1/14/2023,S3,LC4,CH3,PD10,2161,132,8
DTML-0045,9/24/2023,S1,LC11,CH1,PD4,1006,111,13
DTML-0046,3/18/2023,S3,LC5,CH1,PD9,1545,105,3
DTML-0047,2/8/2023,S4,LC3,CH3,PD5,2821,120,13
DTML-0049,3/8/2023,S4,LC3,CH1,PD4,345,114,5
DTML-0051,4/16/2023,S5,LC8,CH3,PD6,2001,95,3
DTML-0052,6/1/2023,S3,LC3,CH3,PD9,2838,77,8
DTML-0053,9/16/2023,S2,LC1,CH1,PD5,2178,112,14
DTML-0054,9/21/2023,S2,LC2,CH3,PD9,888,140,12
DTML-0055,5/10/2023,S1,LC8,CH3,PD10,1527,99,8
DTML-0056,6/30/2023,S5,LC7,CH1,PD11,2151,142,9
DTML-0057,9/23/2023,S1,LC2,CH1,PD8,1817,122,11
DTML-0058,11/2/2023,S1,LC11,CH1,PD2,2750,82,10
DTML-0060,7/25/2023,S3,LC5,CH1,PD6,1953,66,3
DTML-0061,5/1/2023,S4,LC7,CH2,PD7,4219.5,92,7
DTML-0062,6/12/2023,S1,LC7,CH3,PD9,1899,75,4
DTML-0063,1/24/2023,S1,LC11,CH3,PD4,1686,82,11
DTML-0064,5/18/2023,S3,LC3,CH1,PD11,2141,108,3
DTML-0065,5/11/2023,S1,LC8,CH1,PD8,1143,123,9
DTML-0068,1/5/2024,S2,LC11,CH2,PD11,615,78,10
DTML-0070,11/17/2023,S1,LC11,CH1,PD3,3945,78,9
DTML-0072,7/20/2023,S2,LC9,CH3,PD3,2296,160,3
DTML-0073,2/3/2023,S1,LC6,CH1,PD12,1030,86,10
DTML-0074,8/1/2023,S1,LC8,CH2,PD9,639,133,7
DTML-0075,9/10/2023,S1,LC7,CH2,PD5,1326,76,8
DTML-0076,12/4/2023,S3,LC3,CH2,PD7,1858,133,13
DTML-0077,5/3/2023,S1,LC1,CH3,PD10,1210,79,10
DTML-0078,8/31/2023,S1,LC9,CH3,PD4,2529,84,6
DTML-0079,1/5/2023,S3,LC11,CH2,PD5,1445,99,12
DTML-0080,6/27/2023,S4,LC7,CH2,PD1,330,90,4
DTML-0081,2/9/2023,S3,LC6,CH3,PD5,2671,122,4
DTML-0083,7/8/2023,S3,LC10,CH1,PD10,766,134,15
DTML-0084,9/26/2023,S5,LC4,CH1,PD5,494,129,14
DTML-0085,9/17/2023,S1,LC3,CH2,PD10,1397,134,10
DTML-0086,5/30/2023,S1,LC5,CH2,PD6,2155,90,6
DTML-0088,4/4/2023,S2,LC2,CH3,PD5,2214,142,6
DTML-0090,1/18/2023,S5,LC11,CH2,PD4,2301,61,3
DTML-0091,1/26/2023,S1,LC5,CH1,PD3,1375.5,110,5
DTML-0094,8/29/2023,S1,LC11,CH1,PD3,1830,80,9
DTML-0095,11/5/2023,S5,LC10,CH1,PD3,2498,88,10
DTML-0096,3/13/2023,S4,LC7,CH1,PD9,663,101,4
DTML-0097,12/22/2023,S2,LC11,CH1,PD4,1514,114,10
DTML-0098,8/26/2023,S1,LC2,CH2,PD9,4492.5,153,6
DTML-0100,3/14/2023,S4,LC5,CH2,PD4,727,104,14
DTML-0101,3/8/2023,S4,LC5,CH3,PD1,787,72,12
DTML-0102,10/22/2023,S4,LC1,CH1,PD4,1823,99,5
DTML-0103,1/11/2023,S2,LC4,CH2,PD1,747,143,11
DTML-0104,9/28/2023,S3,LC10,CH1,PD12,766,154,10
DTML-0105,5/12/2023,S5,LC3,CH1,PD9,2905,147,6
DTML-0106,6/20/2023,S1,LC8,CH3,PD2,2155,66,13
DTML-0107,1/4/2023,S1,LC4,CH2,PD7,3864,60,15
DTML-0110,2/23/2023,S1,LC3,CH1,PD1,362,85,9
DTML-0112,4/3/2023,S4,LC4,CH2,PD11,923,103,12
DTML-0113,1/1/2024,S4,LC8,CH2,PD7,663,111,7
DTML-0116,2/9/2023,S1,LC1,CH3,PD9,2092,87,14
DTML-0117,10/15/2023,S1,LC8,CH2,PD12,263,112,6
DTML-0118,4/26/2023,S1,LC5,CH3,PD11,943.5,105,13
DTML-0119,1/5/2024,S4,LC5,CH3,PD5,727,149,9
DTML-0120,1/31/2023,S4,LC2,CH2,PD1,787,78,14
DTML-0121,7/11/2023,S5,LC2,CH2,PD2,986,61,9
DTML-0124,8/15/2023,S5,LC11,CH2,PD11,494,96,8
DTML-0125,3/15/2023,S1,LC1,CH2,PD8,1397,82,3
DTML-0126,8/17/2023,S4,LC3,CH1,PD5,1744,156,4
DTML-0128,10/21/2023,S3,LC11,CH3,PD6,1989,133,11
DTML-0129,9/14/2023,S2,LC2,CH3,PD10,321,64,14
DTML-0131,3/18/2023,S4,LC8,CH3,PD6,742.5,71,13
DTML-0132,5/13/2023,S3,LC5,CH1,PD9,1295,103,15
DTML-0133,6/6/2023,S5,LC10,CH1,PD5,214,113,11
DTML-0134,6/15/2023,S1,LC1,CH3,PD4,2145,148,15
DTML-0137,4/5/2023,S1,LC9,CH1,PD5,2852,80,14
DTML-0138,3/6/2023,S3,LC11,CH1,PD2,1142,81,11
DTML-0139,7/26/2023,S1,LC1,CH1,PD9,1566,108,4
DTML-0140,5/18/2023,S3,LC5,CH3,PD12,690,88,11
DTML-0141,3/3/2023,S4,LC5,CH1,PD3,1660,143,14
DTML-0142,9/28/2023,S2,LC2,CH1,PD10,2363,86,5
DTML-0143,3/14/2023,S5,LC7,CH2,PD2,918,127,9
DTML-0144,1/18/2023,S5,LC9,CH2,PD2,1728,109,7
DTML-0145,2/20/2023,S3,LC10,CH3,PD12,1142,149,4
DTML-0147,9/9/2023,S4,LC2,CH1,PD5,662,74,13
DTML-0148,5/15/2023,S3,LC5,CH3,PD1,1295,63,8
DTML-0150,11/18/2023,S4,LC9,CH1,PD9,809,144,14
DTML-0151,6/15/2023,S4,LC9,CH3,PD7,2145,146,9
DTML-0152,7/26/2023,S3,LC7,CH2,PD8,1785,61,7
DTML-0153,2/14/2023,S5,LC6,CH2,PD9,1916,79,12
DTML-0154,1/31/2023,S1,LC1,CH1,PD11,2852,72,9
DTML-0155,5/3/2023,S4,LC5,CH2,PD7,2729,66,3
DTML-0158,1/11/2023,S2,LC9,CH3,PD11,1925,121,4
DTML-0159,10/21/2023,S1,LC5,CH3,PD6,2013,148,5
DTML-0160,11/29/2023,S3,LC3,CH1,PD4,1055,129,12
DTML-0161,3/7/2023,S3,LC9,CH1,PD1,1084,90,15
DTML-0162,2/19/2023,S1,LC1,CH1,PD3,1566,155,13
DTML-0163,4/10/2023,S1,LC1,CH2,PD4,2966,141,11
DTML-0164,6/19/2023,S1,LC5,CH1,PD1,2877,151,15
DTML-0165,4/7/2023,S4,LC6,CH3,PD2,809,87,5
DTML-0167,7/18/2023,S4,LC1,CH1,PD10,2145,134,9
DTML-0169,3/14/2023,S3,LC2,CH2,PD12,1055,150,15
DTML-0170,10/6/2023,S1,LC3,CH2,PD1,544,126,7
DTML-0171,2/23/2023,S3,LC1,CH3,PD8,1084,103,5
DTML-0174,11/30/2023,S4,LC8,CH3,PD6,662,90,15
DTML-0175,3/3/2023,S5,LC7,CH2,PD11,214,109,12
DTML-0176,10/25/2023,S1,LC9,CH3,PD7,2877,65,6
DTML-0177,1/22/2023,S4,LC1,CH3,PD11,2729,116,3
DTML-0178,10/19/2023,S1,LC3,CH2,PD10,266,123,7
DTML-0179,8/11/2023,S1,LC9,CH2,PD6,1940,123,11
DTML-0182,10/20/2023,S5,LC3,CH1,PD8,259,133,13
DTML-0183,2/6/2023,S5,LC11,CH1,PD12,1101,109,6
DTML-0184,5/17/2023,S4,LC6,CH2,PD5,2276,155,7
DTML-0190,5/2/2023,S1,LC8,CH2,PD7,2966,134,11
DTML-0192,6/28/2023,S1,LC11,CH3,PD11,1236,104,4
DTML-0193,2/27/2023,S1,LC6,CH3,PD8,941,139,6
DTML-0194,5/3/2023,S5,LC9,CH2,PD7,1916,111,15
DTML-0195,8/30/2023,S4,LC8,CH3,PD8,4243.5,63,7
DTML-0197,11/1/2023,S1,LC3,CH2,PD5,2580,134,10
DTML-0198,9/18/2023,S5,LC11,CH2,PD6,689,139,4
DTML-0199,6/3/2023,S3,LC5,CH3,PD4,1947,102,10
DTML-0200,3/24/2023,S3,LC8,CH1,PD2,908,101,13
DTML-0201,8/26/2023,S1,LC1,CH3,PD1,1958,140,11
DTML-0202,2/28/2023,S3,LC5,CH3,PD5,1901,104,7
DTML-0204,8/6/2023,S1,LC6,CH3,PD7,544,127,5
DTML-0205,12/15/2023,S1,LC1,CH1,PD10,1797,154,10
DTML-0206,4/2/2023,S4,LC11,CH3,PD10,1287,122,12
DTML-0207,1/21/2023,S4,LC6,CH2,PD6,1706,134,8
DTML-0208,7/2/2023,S5,LC1,CH2,PD3,2434.5,111,13
DTML-0211,9/12/2023,S4,LC11,CH3,PD10,1774,89,8
DTML-0214,1/15/2023,S3,LC2,CH1,PD11,1901,120,14
DTML-0215,8/5/2023,S5,LC11,CH1,PD5,689,160,3
DTML-0216,6/4/2023,S4,LC10,CH3,PD8,1570,114,11
DTML-0217,7/27/2023,S3,LC4,CH3,PD11,1369.5,136,3
DTML-0218,7/28/2023,S4,LC9,CH3,PD5,2009,76,12
DTML-0221,6/3/2023,S2,LC7,CH2,PD4,1945,74,5
DTML-0223,2/3/2023,S4,LC5,CH3,PD10,1287,105,14
DTML-0224,12/28/2023,S4,LC4,CH3,PD5,1706,76,4
DTML-0226,2/8/2023,S4,LC6,CH1,PD8,2009,80,9
DTML-0227,11/15/2023,S5,LC5,CH2,PD4,2844,74,14
DTML-0228,2/1/2023,S3,LC8,CH2,PD11,1916,135,12
DTML-0230,4/21/2023,S4,LC2,CH2,PD11,1570,141,5
DTML-0231,9/10/2023,S5,LC5,CH3,PD1,1874,68,8
DTML-0233,9/18/2023,S1,LC5,CH2,PD8,1642,117,15
DTML-0235,8/26/2023,S2,LC7,CH2,PD5,1945,153,8
DTML-0238,2/3/2023,S1,LC1,CH2,PD1,831,109,13
DTML-0239,10/30/2023,S1,LC9,CH3,PD5,1760,134,4
DTML-0240,11/25/2023,S1,LC11,CH1,PD3,3850.5,154,10
DTML-0241,9/19/2023,S3,LC3,CH3,PD12,2479,97,11
DTML-0242,5/8/2023,S2,LC11,CH1,PD12,2031,70,13
DTML-0243,12/15/2023,S2,LC3,CH1,PD9,2031,107,9
DTML-0244,6/7/2023,S2,LC11,CH1,PD1,2261,114,15
DTML-0245,2/23/2023,S1,LC3,CH3,PD2,736,140,15
DTML-0246,2/17/2023,S1,LC5,CH2,PD3,2851,100,6
DTML-0247,7/25/2023,S5,LC5,CH2,PD7,2021,85,6
DTML-0248,9/10/2023,S1,LC11,CH3,PD4,274,131,9
DTML-0249,1/27/2023,S2,LC11,CH1,PD1,1967,108,12
DTML-0250,7/9/2023,S5,LC1,CH1,PD6,1859,91,12
DTML-0252,5/1/2023,S1,LC5,CH1,PD5,2851,109,6
DTML-0253,6/1/2023,S5,LC5,CH2,PD4,2021,138,7
DTML-0254,4/21/2023,S4,LC4,CH2,PD2,1138,116,9
DTML-0256,6/26/2023,S1,LC4,CH3,PD3,4251,89,12
DTML-0258,12/18/2023,S4,LC9,CH2,PD2,795,147,12
DTML-0259,2/4/2023,S5,LC9,CH3,PD7,1414.5,110,12
DTML-0260,2/14/2023,S5,LC9,CH1,PD5,2918,145,13
DTML-0261,9/26/2023,S1,LC2,CH2,PD3,3450,74,10
DTML-0262,8/27/2023,S4,LC4,CH3,PD10,2988,74,10
DTML-0264,1/2/2024,S2,LC11,CH1,PD5,218,78,11
DTML-0267,8/16/2023,S1,LC11,CH1,PD10,2074,72,6
DTML-0269,10/26/2023,S1,LC4,CH2,PD1,1056,115,3
DTML-0270,8/10/2023,S2,LC6,CH2,PD2,671,64,14
DTML-0271,7/15/2023,S2,LC5,CH2,PD2,1514,64,10
DTML-0273,10/23/2023,S1,LC1,CH3,PD2,274,118,4
DTML-0274,8/20/2023,S4,LC11,CH3,PD3,1138,112,14
DTML-0275,6/29/2023,S3,LC2,CH1,PD4,1465,129,4
DTML-0277,5/24/2023,S1,LC9,CH2,PD9,2646,104,7
DTML-0281,8/24/2023,S1,LC5,CH1,PD4,2177,126,11
DTML-0282,9/16/2023,S3,LC2,CH1,PD12,866,131,4
DTML-0283,10/29/2023,S1,LC5,CH2,PD7,349,126,14
DTML-0284,11/2/2023,S1,LC9,CH1,PD8,2177,91,3
DTML-0286,7/10/2023,S2,LC5,CH3,PD1,1514,156,5
DTML-0287,12/28/2023,S1,LC8,CH3,PD10,1865,133,8
DTML-0288,5/9/2023,S4,LC3,CH1,PD4,1074,78,6
DTML-0291,5/9/2023,S1,LC5,CH2,PD10,1907,96,13
DTML-0292,8/14/2023,S2,LC5,CH2,PD5,671,144,6
DTML-0293,8/10/2023,S1,LC5,CH1,PD6,1778,152,11
DTML-0296,11/10/2023,S1,LC8,CH3,PD4,1159,157,11
DTML-0297,5/5/2023,S1,LC5,CH2,PD7,1372,98,4
DTML-0298,5/21/2023,S1,LC9,CH1,PD5,2349,84,6
DTML-0299,1/3/2023,S1,LC11,CH3,PD12,2689,64,4
DTML-0300,8/9/2023,S3,LC1,CH1,PD12,2431,154,12
DTML-0302,2/17/2023,S3,LC8,CH3,PD4,2431,111,11
DTML-0303,9/14/2023,S1,LC10,CH1,PD8,2689,77,15
DTML-0304,3/25/2023,S1,LC5,CH1,PD2,1683,135,14
DTML-0305,2/21/2023,S3,LC10,CH3,PD5,1123,104,4
DTML-0306,7/29/2023,S1,LC4,CH1,PD11,1159,87,15
DTML-0307,10/27/2023,S3,LC7,CH3,PD3,1865,118,10
DTML-0308,1/16/2023,S3,LC7,CH2,PD1,1116,98,12
DTML-0309,6/12/2023,S1,LC10,CH3,PD1,1563,86,14
DTML-0311,10/31/2023,S5,LC5,CH2,PD1,991,159,3
DTML-0312,9/27/2023,S1,LC6,CH3,PD12,1016,96,7
DTML-0314,6/20/2023,S2,LC2,CH3,PD11,2791,137,9
DTML-0315,1/16/2023,S1,LC10,CH2,PD1,570,95,9
DTML-0316,6/18/2023,S1,LC8,CH1,PD8,2487,102,5
DTML-0319,10/22/2023,S1,LC2,CH2,PD1,1384.5,82,11
DTML-0321,9/18/2023,S4,LC10,CH2,PD12,3627,75,15
DTML-0323,10/1/2023,S1,LC11,CH3,PD10,720,125,6
DTML-0325,10/2/2023,S3,LC7,CH3,PD10,2342,153,5
DTML-0327,8/28/2023,S5,LC7,CH2,PD10,1100,159,5
DTML-0328,2/9/2023,S1,LC10,CH2,PD5,1303,139,11
DTML-0329,7/24/2023,S4,LC9,CH2,PD3,2992,131,15
DTML-0330,12/18/2023,S4,LC2,CH3,PD9,2385,79,8
DTML-0331,1/7/2023,S5,LC1,CH2,PD3,1607,60,6
DTML-0332,1/7/2023,S1,LC7,CH1,PD9,2327,80,11
DTML-0333,11/28/2023,S5,LC1,CH1,PD2,991,102,8
DTML-0334,8/25/2023,S1,LC8,CH2,PD11,602,63,11
DTML-0335,1/30/2023,S2,LC9,CH3,PD11,2620,93,6
DTML-0336,2/14/2023,S1,LC2,CH1,PD6,1228,93,15
DTML-0337,1/20/2023,S1,LC8,CH3,PD11,1389,105,3
DTML-0338,6/14/2023,S4,LC3,CH3,PD5,861,66,13
DTML-0339,4/29/2023,S4,LC10,CH2,PD12,704,73,3
DTML-0340,8/5/2023,S1,LC7,CH3,PD2,1802,139,15
DTML-0341,3/28/2023,S1,LC8,CH3,PD10,2663,149,9
DTML-0342,9/6/2023,S1,LC6,CH1,PD4,2136,74,14
DTML-0343,11/29/2023,S2,LC7,CH1,PD6,2116,95,3
DTML-0346,3/13/2023,S2,LC6,CH2,PD10,555,62,10
DTML-0347,3/23/2023,S2,LC3,CH1,PD4,2861,82,9
DTML-0349,5/24/2023,S4,LC11,CH1,PD12,807,90,5
DTML-0350,4/27/2023,S1,LC7,CH2,PD9,602,78,9
DTML-0351,4/4/2023,S1,LC8,CH1,PD8,2832,157,10
DTML-0352,1/9/2023,S1,LC1,CH1,PD3,1579,140,13
DTML-0353,12/16/2023,S4,LC2,CH3,PD9,861,90,4
DTML-0355,3/17/2023,S4,LC6,CH2,PD7,704,89,11
DTML-0359,9/15/2023,S1,LC11,CH1,PD8,1033,108,15
DTML-0361,5/8/2023,S5,LC10,CH3,PD10,1250,72,6
DTML-0362,5/26/2023,S1,LC10,CH1,PD5,1389,108,8
DTML-0363,2/24/2023,S1,LC5,CH3,PD9,1265,140,4
DTML-0364,9/20/2023,S1,LC9,CH3,PD9,2297,109,5
DTML-0366,9/30/2023,S1,LC9,CH3,PD6,2663,88,13
DTML-0367,3/27/2023,S1,LC4,CH2,PD6,570,84,4
DTML-0369,3/5/2023,S1,LC5,CH2,PD5,2487,95,15
DTML-0372,4/27/2023,S1,LC4,CH2,PD11,1350,151,9
DTML-0373,10/22/2023,S1,LC7,CH3,PD6,552,62,3
DTML-0374,1/1/2023,S1,LC5,CH2,PD10,1228,93,15
DTML-0376,12/26/2023,S5,LC11,CH2,PD6,1250,144,5
DTML-0377,12/11/2023,S2,LC7,CH2,PD1,3801,159,15
DTML-0378,11/26/2023,S1,LC5,CH3,PD5,1117.5,106,13
DTML-0379,10/24/2023,S2,LC5,CH3,PD9,2844,134,14
DTML-0380,10/23/2023,S3,LC8,CH1,PD7,562,83,14
DTML-0381,11/8/2023,S3,LC2,CH1,PD12,2299,143,10
DTML-0382,11/10/2023,S2,LC11,CH2,PD5,2030,86,14
DTML-0384,11/11/2023,S1,LC5,CH3,PD10,263,120,9
DTML-0385,7/30/2023,S4,LC10,CH3,PD4,887,147,11
DTML-0386,11/5/2023,S1,LC7,CH2,PD9,980,60,15
DTML-0387,5/31/2023,S1,LC9,CH3,PD12,1460,114,13
DTML-0388,11/7/2023,S1,LC4,CH3,PD10,1403,87,3
DTML-0389,1/2/2024,S3,LC7,CH3,PD4,2723,71,9
DTML-0390,11/4/2023,S1,LC6,CH1,PD12,1496,113,15
DTML-0391,2/5/2023,S3,LC4,CH3,PD8,2299,78,9
DTML-0392,4/28/2023,S1,LC4,CH1,PD12,727,102,4
DTML-0393,6/28/2023,S4,LC4,CH3,PD11,952,141,12
DTML-0394,10/28/2023,S4,LC11,CH1,PD12,2755,140,10
DTML-0395,11/18/2023,S2,LC9,CH2,PD1,1530,90,9
DTML-0396,9/12/2023,S1,LC5,CH2,PD7,1496,136,4
DTML-0397,10/21/2023,S1,LC11,CH1,PD3,1498,67,10
DTML-0399,12/7/2023,S5,LC8,CH3,PD8,1221,124,3
DTML-0401,7/26/2023,S1,LC9,CH1,PD5,2076,81,3
DTML-0403,12/7/2023,S2,LC5,CH3,PD10,2844,86,8
DTML-0404,9/14/2023,S1,LC1,CH1,PD12,1498,73,5
DTML-0405,4/24/2023,S5,LC10,CH3,PD3,1221,81,13
DTML-0406,3/18/2023,S1,LC8,CH3,PD4,1123,65,8
DTML-0407,1/14/2023,S5,LC9,CH1,PD2,2436,119,14
DTML-0408,7/28/2023,S4,LC4,CH2,PD8,1987.5,60,14
DTML-0410,11/19/2023,S1,LC1,CH1,PD7,1679,69,3
DTML-0411,1/14/2023,S1,LC7,CH3,PD12,727,94,10
DTML-0412,2/25/2023,S1,LC6,CH1,PD3,1403,145,12
DTML-0416,6/9/2023,S1,LC9,CH3,PD9,2076,152,13
DTML-0417,5/19/2023,S1,LC1,CH3,PD7,1757,79,13
DTML-0419,6/26/2023,S2,LC11,CH2,PD8,2198,65,15
DTML-0420,4/7/2023,S2,LC5,CH1,PD6,1743,155,3
DTML-0421,4/5/2023,S2,LC3,CH3,PD7,1153,70,14
DTML-0422,6/25/2023,S1,LC3,CH1,PD4,1757,128,10
DTML-0423,3/29/2023,S1,LC10,CH1,PD3,1001,65,6
DTML-0424,10/11/2023,S1,LC3,CH1,PD2,1333,66,13
DTML-0425,3/25/2023,S2,LC8,CH2,PD3,1153,76,12
DTML-0426,11/16/2023,S3,LC4,CH2,PD11,727,79,15
DTML-0428,10/20/2023,S3,LC8,CH3,PD6,1884,134,11
DTML-0429,11/20/2023,S1,LC6,CH3,PD5,1834,125,3
DTML-0430,2/5/2023,S3,LC3,CH3,PD10,2340,82,4
DTML-0431,7/11/2023,S3,LC8,CH3,PD5,2342,76,11
DTML-0433,5/31/2023,S1,LC3,CH1,PD8,1031,77,8
DTML-0434,12/2/2023,S2,LC3,CH1,PD8,1262,87,10
DTML-0436,8/20/2023,S1,LC3,CH3,PD1,1135,96,3
DTML-0437,3/21/2023,S1,LC2,CH2,PD8,547,77,9
DTML-0438,5/15/2023,S1,LC2,CH1,PD8,1582,98,7
DTML-0439,10/19/2023,S3,LC7,CH2,PD10,1738.5,98,4
DTML-0440,12/26/2023,S3,LC7,CH2,PD7,2215,107,10
DTML-0441,7/11/2023,S1,LC6,CH2,PD5,1582,98,6
DTML-0442,1/26/2023,S1,LC8,CH3,PD3,1135,99,5
DTML-0444,7/15/2023,S1,LC9,CH2,PD5,1761,89,14
DTML-0445,5/27/2023,S5,LC10,CH1,PD12,448,122,13
DTML-0446,7/7/2023,S5,LC11,CH2,PD2,2181,123,8
DTML-0447,11/24/2023,S1,LC4,CH1,PD6,1976,72,15
DTML-0448,3/18/2023,S5,LC1,CH2,PD1,2181,93,5
DTML-0449,4/4/2023,S4,LC4,CH1,PD1,2500,133,7
DTML-0450,11/26/2023,S5,LC4,CH3,PD10,1702,66,5
DTML-0451,2/21/2023,S5,LC6,CH1,PD5,448,122,3
DTML-0452,10/6/2023,S4,LC10,CH3,PD8,3513,72,11
DTML-0453,4/23/2023,S2,LC9,CH1,PD7,2101,112,15
DTML-0454,6/24/2023,S2,LC11,CH3,PD11,2931,158,11
DTML-0455,3/31/2023,S1,LC5,CH2,PD10,1535,85,13
DTML-0456,12/28/2023,S5,LC9,CH3,PD3,1123,68,15
DTML-0458,7/26/2023,S5,LC2,CH2,PD8,1404,69,4
DTML-0460,6/2/2023,S3,LC3,CH3,PD2,2763,113,3
DTML-0461,11/7/2023,S1,LC9,CH1,PD1,2125,134,14
DTML-0462,1/5/2024,S5,LC4,CH3,PD5,1659,67,5
DTML-0463,6/26/2023,S1,LC8,CH1,PD6,609,141,5
DTML-0464,3/28/2023,S4,LC2,CH1,PD12,2087,104,13
DTML-0465,3/23/2023,S1,LC6,CH2,PD6,1976,126,11
DTML-0466,5/23/2023,S1,LC10,CH1,PD7,1421,107,10
DTML-0467,7/3/2023,S5,LC9,CH3,PD11,1372,79,12
DTML-0468,4/6/2023,S1,LC2,CH1,PD1,588,94,4
DTML-0469,3/1/2023,S3,LC2,CH1,PD4,3244.5,151,7
DTML-0470,5/18/2023,S5,LC7,CH2,PD1,959,108,5
DTML-0471,4/4/2023,S5,LC7,CH3,PD5,2747,132,15
DTML-0473,12/20/2023,S4,LC6,CH3,PD3,1645,110,12
DTML-0474,12/25/2023,S1,LC4,CH3,PD10,2876,112,13
DTML-0475,10/13/2023,S4,LC6,CH2,PD11,994,90,14
DTML-0476,2/12/2023,S1,LC5,CH1,PD12,1118,120,15
DTML-0477,9/6/2023,S5,LC2,CH2,PD8,1372,92,4
DTML-0478,3/22/2023,S1,LC3,CH3,PD11,488,158,11
DTML-0479,10/9/2023,S1,LC1,CH1,PD10,1282,160,8
DTML-0481,12/16/2023,S1,LC2,CH2,PD3,257,158,3
DTML-0482,5/1/2023,S1,LC2,CH2,PD12,1282,101,4
DTML-0483,4/13/2023,S4,LC11,CH3,PD4,1540,151,7
DTML-0484,2/2/2023,S2,LC11,CH1,PD6,490,158,12
DTML-0485,7/7/2023,S1,LC10,CH2,PD8,1362,152,13
DTML-0486,8/30/2023,S2,LC9,CH2,PD8,2501,131,5
DTML-0487,8/3/2023,S1,LC3,CH2,PD7,708,139,6
DTML-0488,9/11/2023,S1,LC4,CH1,PD9,645,144,3
DTML-0491,1/14/2023,S5,LC2,CH2,PD3,1562,60,10
DTML-0492,11/9/2023,S5,LC3,CH1,PD7,1283,61,8
DTML-0493,3/5/2023,S2,LC9,CH3,PD10,711,110,7
DTML-0494,11/20/2023,S4,LC3,CH3,PD12,1114,130,13
DTML-0495,12/5/2023,S1,LC11,CH3,PD7,1259,91,6
DTML-0496,11/7/2023,S1,LC3,CH2,PD8,1095,103,11
DTML-0497,10/21/2023,S1,LC7,CH1,PD1,1366,71,14
DTML-0498,4/30/2023,S5,LC1,CH2,PD8,2460,157,11
DTML-0499,12/29/2023,S1,LC3,CH2,PD4,678,140,5
DTML-0500,9/15/2023,S1,LC7,CH1,PD11,1598,82,5
DTML-0501,3/2/2023,S1,LC9,CH3,PD12,2409,71,11
DTML-0502,1/5/2023,S1,LC1,CH3,PD11,1934,152,9
DTML-0505,4/7/2023,S1,LC8,CH1,PD5,2993,72,11
DTML-0507,10/26/2023,S1,LC11,CH3,PD12,2146,91,13
DTML-0508,9/9/2023,S1,LC8,CH1,PD5,1946,68,11
DTML-0510,9/3/2023,S1,LC4,CH1,PD5,1362,150,5
DTML-0511,10/15/2023,S3,LC5,CH2,PD9,598,85,6
DTML-0513,3/23/2023,S1,LC1,CH1,PD8,2907,132,5
DTML-0514,8/18/2023,S1,LC11,CH3,PD7,2338,150,5
DTML-0515,3/25/2023,S5,LC5,CH3,PD8,386,82,6
DTML-0516,5/29/2023,S5,LC8,CH1,PD1,635,148,11
DTML-0517,1/6/2023,S1,LC1,CH3,PD10,574.5,125,8
DTML-0518,7/11/2023,S1,LC3,CH3,PD6,2338,67,4
DTML-0520,5/10/2023,S1,LC1,CH1,PD10,381,148,7
DTML-0521,1/19/2023,S1,LC10,CH1,PD1,422,129,14
DTML-0522,11/10/2023,S5,LC9,CH1,PD11,2134,120,8
DTML-0523,1/23/2023,S5,LC1,CH2,PD6,808,108,10
DTML-0524,12/25/2023,S1,LC1,CH1,PD4,708,150,8
DTML-0525,9/4/2023,S1,LC5,CH2,PD5,2907,111,15
DTML-0526,9/23/2023,S1,LC5,CH3,PD5,1366,155,4
DTML-0527,2/22/2023,S5,LC8,CH1,PD3,2460,131,8
DTML-0529,12/11/2023,S1,LC1,CH1,PD6,1520,61,12
DTML-0530,7/19/2023,S2,LC3,CH1,PD10,711,132,8
DTML-0531,8/10/2023,S3,LC11,CH1,PD10,1375,158,14
DTML-0532,3/11/2023,S5,LC11,CH3,PD7,635,100,7
DTML-0533,7/29/2023,S1,LC4,CH2,PD2,436.5,121,10
DTML-0534,7/28/2023,S5,LC10,CH2,PD6,1094,121,11
DTML-0536,6/17/2023,S3,LC10,CH3,PD6,367,125,13
DTML-0538,1/5/2024,S5,LC8,CH3,PD5,3802.5,110,15
DTML-0543,10/14/2023,S1,LC5,CH3,PD4,1666,136,13
DTML-0544,1/2/2023,S5,LC3,CH1,PD6,322,152,5
DTML-0546,6/9/2023,S3,LC3,CH2,PD2,2321,125,11
DTML-0547,2/27/2023,S4,LC10,CH3,PD4,1857,101,5
DTML-0548,3/4/2023,S1,LC3,CH3,PD10,1611,61,13
DTML-0549,8/26/2023,S4,LC1,CH3,PD10,2797,74,11
DTML-0550,9/14/2023,S5,LC3,CH1,PD8,334,100,4
DTML-0551,7/19/2023,S5,LC7,CH1,PD3,2565,144,9
DTML-0554,11/10/2023,S1,LC5,CH2,PD3,2417,145,6
DTML-0555,2/14/2023,S2,LC8,CH1,PD2,3675,114,12
DTML-0556,2/10/2023,S5,LC6,CH1,PD12,1094,137,4
DTML-0558,1/16/2023,S2,LC1,CH3,PD2,1227,150,4
DTML-0560,9/7/2023,S3,LC9,CH3,PD6,367,87,5
DTML-0562,1/9/2023,S5,LC7,CH2,PD3,1324,158,8
DTML-0564,9/7/2023,S3,LC5,CH3,PD6,1775,88,5
DTML-0565,9/15/2023,S4,LC7,CH1,PD3,2797,128,13
DTML-0566,6/6/2023,S2,LC3,CH1,PD4,245,114,3
DTML-0567,5/9/2023,S5,LC8,CH1,PD2,3793.5,102,13
DTML-0568,12/29/2023,S1,LC4,CH2,PD7,1307,70,14
DTML-0569,6/30/2023,S4,LC4,CH1,PD11,567,147,7
DTML-0571,1/1/2023,S4,LC9,CH2,PD6,2110,98,7
DTML-0573,9/3/2023,S1,LC3,CH3,PD5,1269,77,13
DTML-0574,2/23/2023,S3,LC3,CH1,PD4,1956,68,3
DTML-0575,2/8/2023,S5,LC10,CH1,PD1,2659,147,8
DTML-0577,12/24/2023,S1,LC8,CH3,PD2,1351.5,66,8
DTML-0578,11/22/2023,S3,LC3,CH1,PD9,880,95,8
DTML-0579,4/23/2023,S5,LC3,CH3,PD1,1867,146,5
DTML-0580,8/17/2023,S3,LC6,CH1,PD7,2234,82,3
DTML-0581,9/2/2023,S2,LC11,CH2,PD10,1227,158,8
DTML-0582,10/13/2023,S4,LC6,CH3,PD9,877,111,12
DTML-0584,8/2/2023,S1,LC1,CH3,PD3,2071,132,11
DTML-0585,12/29/2023,S1,LC10,CH2,PD10,1269,112,14
DTML-0586,3/17/2023,S2,LC3,CH3,PD6,970,102,10
DTML-0587,12/13/2023,S1,LC11,CH2,PD2,1694,108,8
DTML-0590,5/11/2023,S1,LC6,CH3,PD11,663,98,13
DTML-0591,11/11/2023,S1,LC3,CH1,PD7,819,150,8
DTML-0592,12/16/2023,S3,LC6,CH1,PD9,1580,121,13
DTML-0593,3/24/2023,S1,LC3,CH2,PD6,521,110,6
DTML-0595,12/7/2023,S1,LC8,CH3,PD4,973,90,11
DTML-0597,8/21/2023,S1,LC1,CH1,PD4,1038,72,12
DTML-0599,6/14/2023,S1,LC2,CH3,PD8,360,102,11
DTML-0600,2/21/2023,S3,LC3,CH3,PD10,1967,142,13
DTML-0601,2/14/2023,S2,LC11,CH2,PD8,2628,123,13
DTML-0602,6/24/2023,S1,LC4,CH2,PD1,360,97,15
DTML-0604,7/16/2023,S1,LC5,CH2,PD9,2682,146,3
DTML-0605,10/27/2023,S1,LC7,CH3,PD12,521,80,8
DTML-0606,4/19/2023,S1,LC11,CH3,PD9,1038,160,13
DTML-0608,7/3/2023,S2,LC9,CH1,PD8,1630.5,90,5
DTML-0611,6/1/2023,S3,LC5,CH1,PD3,306,83,13
DTML-0612,7/31/2023,S3,LC6,CH2,PD10,386,70,14
DTML-0613,1/4/2024,S1,LC11,CH2,PD12,2328,139,8
DTML-0614,1/12/2023,S3,LC1,CH3,PD8,386,149,6
DTML-0615,5/27/2023,S4,LC8,CH1,PD7,3445.5,125,11
DTML-0616,6/13/2023,S4,LC7,CH2,PD11,1482,117,9
DTML-0618,5/11/2023,S1,LC10,CH1,PD11,2313,60,9
DTML-0620,11/12/2023,S4,LC8,CH3,PD11,1804,86,5
DTML-0621,10/28/2023,S2,LC4,CH1,PD6,2072,110,11
DTML-0622,2/3/2023,S1,LC3,CH1,PD6,1954,102,9
DTML-0623,11/29/2023,S5,LC2,CH1,PD4,591,88,9
DTML-0624,10/26/2023,S2,LC8,CH2,PD11,2167,159,14
DTML-0625,9/22/2023,S1,LC8,CH2,PD6,241,62,8
DTML-0626,2/9/2023,S2,LC2,CH1,PD2,681,136,9
DTML-0630,2/1/2023,S2,LC10,CH3,PD2,510,103,10
DTML-0631,12/30/2023,S2,LC7,CH3,PD6,790,103,4
DTML-0632,3/31/2023,S1,LC11,CH3,PD6,639,84,4
DTML-0634,7/19/2023,S4,LC7,CH1,PD3,1596,103,15
DTML-0635,12/30/2023,S5,LC5,CH3,PD9,2294,82,3
DTML-0638,6/13/2023,S1,LC3,CH2,PD5,241,142,5
DTML-0639,8/21/2023,S1,LC11,CH2,PD2,2665,86,10
DTML-0641,12/5/2023,S4,LC9,CH2,PD11,1916,87,15
DTML-0643,1/12/2023,S5,LC7,CH2,PD7,853,82,10
DTML-0644,3/5/2023,S4,LC10,CH1,PD4,341,144,10
DTML-0645,12/27/2023,S2,LC8,CH1,PD4,641,125,6
DTML-0647,11/29/2023,S1,LC5,CH3,PD9,2807,148,3
DTML-0648,7/29/2023,S5,LC5,CH1,PD5,432,143,6
DTML-0649,10/23/2023,S5,LC3,CH3,PD3,2294,85,12
DTML-0650,3/25/2023,S2,LC3,CH1,PD12,2167,64,3
DTML-0652,11/27/2023,S4,LC1,CH2,PD5,2529,136,9
DTML-0653,12/23/2023,S1,LC10,CH2,PD12,1870,71,6
DTML-0655,10/11/2023,S4,LC1,CH3,PD11,579,142,9
DTML-0656,7/5/2023,S1,LC5,CH2,PD9,2240,121,15
DTML-0657,9/5/2023,S5,LC6,CH1,PD2,2993,128,9
DTML-0659,10/25/2023,S3,LC9,CH3,PD4,3520.5,94,7
DTML-0661,10/29/2023,S1,LC8,CH2,PD2,2039,156,10
DTML-0662,6/20/2023,S3,LC11,CH2,PD1,2574,74,14
DTML-0663,5/13/2023,S1,LC4,CH1,PD7,707,109,5
DTML-0664,12/11/2023,S2,LC3,CH3,PD1,2072,149,13
DTML-0665,11/25/2023,S5,LC9,CH3,PD2,853,60,10
DTML-0666,12/13/2023,S3,LC9,CH1,PD1,1198,116,15
DTML-0667,4/6/2023,S1,LC11,CH1,PD7,2532,77,15
DTML-0669,1/31/2023,S3,LC9,CH2,PD1,1198,109,3
DTML-0671,2/15/2023,S2,LC8,CH2,PD8,384,95,12
DTML-0675,1/4/2024,S3,LC2,CH3,PD10,472,148,14
DTML-0677,1/26/2023,S1,LC9,CH1,PD2,1579,78,9
DTML-0679,7/24/2023,S3,LC2,CH3,PD8,1005,62,13
DTML-0680,8/30/2023,S2,LC10,CH2,PD4,3199.5,125,12
DTML-0682,11/26/2023,S3,LC4,CH1,PD2,472,146,5
DTML-0683,7/6/2023,S3,LC7,CH1,PD1,1937,159,9
DTML-0684,5/24/2023,S1,LC1,CH2,PD10,792,148,3
DTML-0686,6/29/2023,S5,LC3,CH3,PD12,2811,144,13
DTML-0689,11/17/2023,S4,LC3,CH1,PD2,2441,61,3
DTML-0690,9/27/2023,S2,LC1,CH3,PD12,1560,102,15
DTML-0691,8/18/2023,S1,LC6,CH3,PD8,2706,122,14
DTML-0692,9/12/2023,S1,LC4,CH1,PD4,766,89,7
DTML-0698,12/17/2023,S1,LC8,CH1,PD6,2992,76,6
DTML-0699,6/21/2023,S2,LC3,CH1,PD9,2157,86,15
DTML-0700,11/4/2023,S5,LC4,CH2,PD3,873,80,3
DTML-0701,9/12/2023,S1,LC5,CH2,PD8,1122,63,5
DTML-0702,11/12/2023,S1,LC3,CH1,PD2,2104.5,149,11
DTML-0704,4/13/2023,S3,LC2,CH2,PD4,4026,60,10
DTML-0705,2/11/2023,S3,LC8,CH1,PD9,2425.5,87,7
DTML-0707,1/23/2023,S1,LC8,CH1,PD3,2394,126,8
DTML-0709,11/16/2023,S2,LC5,CH1,PD4,1984,150,3
DTML-0710,2/21/2023,S4,LC1,CH2,PD9,2441,95,14
DTML-0712,8/11/2023,S1,LC3,CH2,PD10,2992,116,3
DTML-0714,4/8/2023,S5,LC2,CH1,PD8,1366,60,9
DTML-0715,6/28/2023,S1,LC2,CH2,PD12,2805,126,7
DTML-0716,6/12/2023,S2,LC1,CH3,PD12,655,109,15
DTML-0717,2/24/2023,S1,LC5,CH3,PD1,344,105,11
DTML-0720,1/1/2024,S1,LC4,CH2,PD5,1808,75,8
DTML-0721,8/17/2023,S3,LC9,CH2,PD1,1734,87,4
DTML-0722,11/30/2023,S4,LC2,CH2,PD3,554,151,12
DTML-0723,11/30/2023,S1,LC11,CH3,PD3,2935,142,7
DTML-0724,11/25/2023,S4,LC7,CH1,PD11,3165,147,8
DTML-0725,8/31/2023,S1,LC6,CH1,PD11,2629,112,15
DTML-0727,1/31/2023,S4,LC4,CH3,PD9,1433,122,6
DTML-0728,7/18/2023,S4,LC10,CH1,PD8,947,149,11
DTML-0729,11/15/2023,S1,LC8,CH2,PD6,344,133,6
DTML-0730,2/12/2023,S2,LC5,CH3,PD11,2157,108,11
DTML-0731,8/1/2023,S1,LC6,CH1,PD3,380,88,8
DTML-0732,1/2/2024,S1,LC1,CH1,PD11,886,60,5
DTML-0733,5/31/2023,S4,LC11,CH1,PD3,2416,138,8
DTML-0734,1/4/2024,S4,LC1,CH2,PD6,2156,154,12
DTML-0738,11/12/2023,S2,LC8,CH2,PD10,2689,155,10
DTML-0741,1/4/2023,S2,LC7,CH1,PD3,677,147,5
DTML-0742,4/8/2023,S5,LC5,CH1,PD11,1773,124,12
DTML-0743,1/11/2023,S1,LC6,CH3,PD1,2420,90,6
DTML-0744,12/7/2023,S1,LC10,CH1,PD1,2734,121,10
DTML-0746,12/30/2023,S1,LC9,CH2,PD11,1715,85,10
DTML-0747,5/7/2023,S5,LC8,CH3,PD1,1186,88,9
DTML-0749,12/2/2023,S5,LC10,CH3,PD8,3495,128,15
DTML-0752,7/29/2023,S1,LC10,CH3,PD11,886,109,11
DTML-0754,11/15/2023,S4,LC9,CH1,PD10,2156,146,11
DTML-0757,5/21/2023,S1,LC4,CH1,PD1,905,126,6
DTML-0758,9/27/2023,S1,LC1,CH3,PD5,1715,132,6
DTML-0760,9/15/2023,S1,LC5,CH2,PD6,1594,152,11
DTML-0762,7/2/2023,S5,LC1,CH3,PD6,1359,126,3
DTML-0763,8/6/2023,S5,LC2,CH2,PD11,2150,66,10
DTML-0764,10/20/2023,S1,LC3,CH1,PD9,1197,83,8
DTML-0766,4/1/2023,S2,LC10,CH2,PD12,380,141,8
DTML-0769,1/17/2023,S1,LC3,CH3,PD4,1233,102,4
DTML-0771,4/13/2023,S1,LC6,CH2,PD8,1395,116,10
DTML-0772,10/11/2023,S1,LC10,CH1,PD1,986,91,3
DTML-0773,2/23/2023,S1,LC8,CH2,PD10,905,65,15
DTML-0775,12/27/2023,S3,LC10,CH1,PD1,2109,98,15
DTML-0776,6/25/2023,S2,LC4,CH2,PD1,3874.5,99,4
DTML-0780,3/22/2023,S1,LC6,CH1,PD10,623,155,5
DTML-0781,4/12/2023,S1,LC6,CH1,PD12,986,84,11
DTML-0783,10/4/2023,S4,LC5,CH1,PD3,2387,71,4
DTML-0784,8/8/2023,S1,LC10,CH2,PD3,1233,65,9
DTML-0785,12/9/2023,S1,LC10,CH1,PD12,270,131,5
DTML-0786,1/7/2023,S1,LC6,CH1,PD10,3421.5,108,6
DTML-0787,2/8/2023,S1,LC2,CH3,PD11,2734,137,6
DTML-0789,5/17/2023,S2,LC10,CH3,PD12,2548,155,11
DTML-0791,1/2/2024,S1,LC9,CH1,PD12,2521.5,107,9
DTML-0792,10/2/2023,S3,LC10,CH2,PD9,2661,79,10
DTML-0793,1/3/2024,S1,LC11,CH2,PD11,1531,112,13
DTML-0796,9/17/2023,S1,LC9,CH3,PD10,1491,122,14
DTML-0797,3/18/2023,S1,LC6,CH1,PD4,1531,62,13
DTML-0799,1/10/2023,S3,LC10,CH3,PD11,2761,136,8
DTML-0800,11/5/2023,S2,LC10,CH2,PD2,2567,130,11
DTML-0802,8/6/2023,S2,LC3,CH1,PD9,2567,95,9
DTML-0803,10/8/2023,S1,LC11,CH1,PD5,923,153,7
DTML-0804,6/26/2023,S1,LC8,CH1,PD9,1790,65,11
DTML-0805,10/7/2023,S1,LC8,CH3,PD10,442,67,6
DTML-0806,8/28/2023,S1,LC10,CH1,PD3,982.5,103,3
DTML-0807,7/12/2023,S1,LC11,CH3,PD9,1298,121,11
DTML-0808,2/22/2023,S3,LC5,CH3,PD6,604,128,15
DTML-0809,9/7/2023,S1,LC5,CH1,PD4,2255,141,12
DTML-0811,4/9/2023,S1,LC11,CH1,PD11,1249,124,4
DTML-0812,8/30/2023,S1,LC9,CH3,PD7,1438.5,99,8
DTML-0813,11/28/2023,S5,LC9,CH3,PD1,807,75,5
DTML-0815,12/18/2023,S1,LC4,CH3,PD1,2641,101,14
DTML-0816,1/3/2023,S1,LC5,CH2,PD3,2708,74,15
DTML-0817,8/13/2023,S1,LC5,CH1,PD5,2632,159,10
DTML-0819,4/16/2023,S4,LC8,CH3,PD11,1583,86,14
DTML-0820,12/30/2023,S3,LC1,CH1,PD6,571,135,12
DTML-0823,1/25/2023,S1,LC3,CH1,PD8,2696,144,13
DTML-0824,3/9/2023,S2,LC2,CH1,PD1,1565,133,4
DTML-0825,1/13/2023,S1,LC1,CH2,PD3,1249,99,13
DTML-0826,6/8/2023,S1,LC8,CH3,PD10,357,116,10
DTML-0827,9/20/2023,S3,LC11,CH1,PD3,1013,73,4
DTML-0828,7/5/2023,S2,LC11,CH2,PD1,3997.5,81,9
DTML-0829,9/27/2023,S1,LC3,CH1,PD3,2632,84,14
DTML-0830,1/9/2023,S1,LC5,CH1,PD9,1190,93,4
DTML-0832,5/5/2023,S3,LC5,CH3,PD12,604,90,7
DTML-0833,3/30/2023,S2,LC10,CH1,PD5,660,97,12
DTML-0834,10/21/2023,S3,LC9,CH2,PD11,410,125,14
DTML-0836,8/3/2023,S5,LC5,CH2,PD12,2605,76,15
DTML-0837,5/30/2023,S3,LC11,CH3,PD6,1013,128,12
DTML-0838,2/11/2023,S4,LC10,CH2,PD2,1583,123,3
DTML-0840,7/2/2023,S2,LC10,CH3,PD2,1565,73,8
DTML-0842,12/16/2023,S4,LC11,CH2,PD12,1659,123,15
DTML-0843,3/28/2023,S1,LC2,CH2,PD8,1190,91,13
DTML-0844,9/21/2023,S3,LC10,CH1,PD6,410,77,9
DTML-0845,9/7/2023,S3,LC10,CH1,PD10,1770,151,11
DTML-0846,8/4/2023,S1,LC11,CH3,PD7,2579,132,7
DTML-0847,9/25/2023,S1,LC10,CH2,PD6,1743,126,11
DTML-0848,9/9/2023,S1,LC2,CH2,PD8,2996,127,8
DTML-0850,4/8/2023,S1,LC8,CH3,PD5,280,97,7
DTML-0851,6/14/2023,S1,LC1,CH1,PD12,293,83,3
DTML-0852,12/28/2023,S1,LC8,CH2,PD9,2996,105,9
DTML-0854,6/16/2023,S2,LC4,CH2,PD8,278,117,7
DTML-0855,2/18/2023,S1,LC2,CH3,PD4,2428,97,4
DTML-0856,2/7/2023,S2,LC3,CH2,PD9,1767,128,5
DTML-0857,7/24/2023,S3,LC6,CH1,PD6,1393,137,10
DTML-0859,5/14/2023,S1,LC3,CH3,PD1,280,152,4
DTML-0861,8/30/2023,S3,LC10,CH1,PD1,1393,132,10
DTML-0862,9/16/2023,S3,LC10,CH1,PD8,2015,80,6
DTML-0864,7/9/2023,S5,LC2,CH3,PD6,801,109,5
DTML-0865,12/7/2023,S4,LC10,CH3,PD3,1023,142,15
DTML-0867,5/13/2023,S5,LC10,CH3,PD12,1496,106,14
DTML-0868,11/30/2023,S5,LC10,CH3,PD11,1010,141,13
DTML-0869,9/8/2023,S2,LC4,CH3,PD4,1513,149,15
DTML-0872,6/3/2023,S2,LC10,CH2,PD12,2300,126,13
DTML-0874,3/4/2023,S4,LC9,CH3,PD1,2821,125,4
DTML-0875,7/8/2023,S1,LC10,CH2,PD4,2227.5,79,13
DTML-0878,12/27/2023,S1,LC7,CH1,PD3,1199,99,6
DTML-0879,5/13/2023,S1,LC3,CH2,PD4,200,136,7
DTML-0880,12/3/2023,S1,LC8,CH1,PD3,388,95,15
DTML-0881,9/12/2023,S1,LC9,CH3,PD6,1727,97,3
DTML-0882,8/22/2023,S2,LC1,CH1,PD1,2300,78,11
DTML-0885,7/4/2023,S1,LC8,CH1,PD8,260,156,11
DTML-0887,5/28/2023,S2,LC8,CH2,PD10,2470,133,8
DTML-0888,12/4/2023,S2,LC5,CH2,PD12,1743,119,9
DTML-0889,10/12/2023,S3,LC2,CH1,PD6,2914,110,3
DTML-0893,8/20/2023,S1,LC5,CH3,PD9,1731,84,9
DTML-0894,7/16/2023,S1,LC2,CH1,PD12,700,76,6
DTML-0895,9/19/2023,S3,LC10,CH1,PD2,2222,152,13
DTML-0896,7/3/2023,S1,LC8,CH3,PD2,1177,85,11
DTML-0897,5/9/2023,S1,LC11,CH3,PD10,1922,115,4
DTML-0899,5/12/2023,S4,LC1,CH2,PD6,1575,144,7
DTML-0900,4/5/2023,S1,LC3,CH1,PD6,606,158,11
DTML-0901,2/14/2023,S5,LC7,CH1,PD11,2460,101,13
DTML-0902,5/24/2023,S5,LC11,CH1,PD9,269,147,15
DTML-0903,12/28/2023,S5,LC7,CH1,PD5,2536,89,6
DTML-0904,5/19/2023,S1,LC8,CH3,PD4,2903,79,6
DTML-0905,1/1/2023,S5,LC9,CH3,PD10,2541,145,5
DTML-0909,10/15/2023,S5,LC3,CH2,PD10,269,96,14
DTML-0910,7/2/2023,S5,LC6,CH2,PD11,1496,61,9
DTML-0911,7/21/2023,S5,LC7,CH3,PD1,1010,128,7
DTML-0912,5/1/2023,S1,LC10,CH3,PD9,1281,78,7
DTML-0913,3/7/2023,S5,LC4,CH1,PD4,888,139,3
DTML-0916,2/20/2023,S4,LC9,CH2,PD9,2844,154,10
DTML-0918,9/28/2023,S3,LC10,CH1,PD11,2475,154,12
DTML-0920,6/12/2023,S2,LC5,CH2,PD4,1743,128,6
DTML-0922,1/12/2023,S3,LC1,CH3,PD8,2914,102,12
DTML-0923,7/2/2023,S1,LC7,CH1,PD2,1731,152,7
DTML-0924,9/6/2023,S1,LC4,CH1,PD2,1727,78,8
DTML-0925,10/27/2023,S2,LC3,CH2,PD2,1870,158,8
DTML-0926,9/16/2023,S4,LC10,CH3,PD10,1174,147,11
DTML-0927,2/21/2023,S4,LC1,CH1,PD2,2767,113,10
DTML-0930,3/20/2023,S4,LC5,CH2,PD11,1085,103,4
DTML-0932,8/13/2023,S5,LC2,CH2,PD4,546,90,14
DTML-0933,8/18/2023,S1,LC11,CH1,PD4,1158,95,8
DTML-0934,4/28/2023,S2,LC10,CH1,PD12,1614,123,12
DTML-0936,11/14/2023,S1,LC8,CH2,PD11,2535,84,13
DTML-0939,6/14/2023,S1,LC8,CH2,PD5,2851,74,11
DTML-0940,4/4/2023,S2,LC11,CH1,PD8,2559,126,5
DTML-0941,8/10/2023,S1,LC1,CH1,PD1,267,65,11
DTML-0942,1/9/2023,S4,LC5,CH3,PD8,1085,135,9
DTML-0944,2/24/2023,S2,LC1,CH2,PD4,1175,151,7
DTML-0945,2/27/2023,S1,LC9,CH3,PD4,2007,61,9
DTML-0947,4/28/2023,S1,LC5,CH1,PD2,2151,63,5
DTML-0949,7/24/2023,S3,LC11,CH3,PD8,914,146,3
DTML-0950,1/5/2023,S1,LC3,CH2,PD3,293,116,11
DTML-0951,9/21/2023,S3,LC3,CH1,PD2,500,146,8
DTML-0952,11/4/2023,S2,LC8,CH2,PD11,2826,150,10
DTML-0954,9/13/2023,S4,LC11,CH2,PD1,663,71,13
DTML-0956,10/2/2023,S5,LC8,CH1,PD8,2574,123,6
DTML-0957,2/15/2023,S4,LC4,CH1,PD4,2438,109,4
DTML-0958,1/9/2023,S3,LC1,CH1,PD2,914,146,3
DTML-0959,5/2/2023,S1,LC2,CH1,PD2,865.5,81,11
DTML-0960,3/10/2023,S2,LC8,CH1,PD10,492,77,9
DTML-0961,11/14/2023,S1,LC8,CH2,PD5,267,146,11
DTML-0964,6/9/2023,S2,LC9,CH3,PD6,1175,103,7
DTML-0966,12/31/2023,S4,LC7,CH3,PD12,2954,111,6
DTML-0967,9/7/2023,S4,LC8,CH2,PD12,552,143,10
DTML-0969,8/10/2023,S1,LC6,CH1,PD7,293,123,6
DTML-0970,7/7/2023,S5,LC1,CH2,PD5,2475,125,3
DTML-0972,4/3/2023,S5,LC6,CH3,PD11,546,126,6
DTML-0974,9/8/2023,S1,LC1,CH2,PD2,1368,145,4
DTML-0975,5/1/2023,S1,LC8,CH2,PD5,723,158,5
DTML-0976,1/17/2023,S3,LC9,CH3,PD3,1806,117,6
